actual_count,predicted_count,model
127,272.48,RandomForest
13,28.6,RandomForest
163,89.58,RandomForest
233,355.4,RandomForest
222,130.41,RandomForest
166,198.6,RandomForest
144,191.04,RandomForest
376,379.0,RandomForest
601,294.64,RandomForest
53,90.73,RandomForest
6,15.44,RandomForest
14,85.99,RandomForest
209,280.1,RandomForest
62,82.38,RandomForest
139,414.44,RandomForest
9,54.31,RandomForest
96,139.33,RandomForest
98,122.06,RandomForest
230,31.98,RandomForest
12,107.3,RandomForest
54,36.64,RandomForest
107,218.54,RandomForest
8,83.23,RandomForest
182,156.6,RandomForest
11,156.92,RandomForest
1,34.28,RandomForest
93,109.78,RandomForest
17,239.57,RandomForest
39,77.18,RandomForest
11,80.32,RandomForest
432,518.64,RandomForest
119,143.99,RandomForest
226,293.54,RandomForest
661,262.41,RandomForest
244,397.74,RandomForest
3,58.29,RandomForest
96,254.35,RandomForest
543,460.62,RandomForest
223,334.06,RandomForest
550,416.54,RandomForest
132,197.2,RandomForest
186,297.15,RandomForest
3,29.34,RandomForest
296,133.76,RandomForest
194,91.55,RandomForest
6,30.16,RandomForest
5,42.49,RandomForest
404,142.14,RandomForest
145,157.89,RandomForest
26,102.71,RandomForest
104,107.06,RandomForest
222,258.65,RandomForest
513,132.23,RandomForest
110,101.5,RandomForest
871,463.76,RandomForest
275,126.03,RandomForest
124,138.21,RandomForest
2,24.83,RandomForest
184,331.05,RandomForest
234,178.45,RandomForest
410,280.34,RandomForest
573,265.74,RandomForest
367,306.12,RandomForest
604,49.81,RandomForest
127,99.26,RandomForest
417,201.76,RandomForest
30,370.46,RandomForest
3,34.5,RandomForest
5,28.02,RandomForest
154,160.65,RandomForest
1,178.1,RandomForest
256,229.79,RandomForest
1,86.21,RandomForest
138,61.5,RandomForest
412,361.81,RandomForest
330,198.52,RandomForest
139,140.51,RandomForest
36,91.44,RandomForest
57,97.56,RandomForest
185,253.64,RandomForest
800,276.4,RandomForest
419,133.36,RandomForest
189,192.56,RandomForest
299,317.86,RandomForest
296,137.0,RandomForest
17,104.62,RandomForest
254,447.14,RandomForest
394,386.22,RandomForest
7,138.53,RandomForest
175,111.31,RandomForest
127,278.36,RandomForest
226,120.39,RandomForest
3,40.78,RandomForest
82,50.08,RandomForest
3,17.81,RandomForest
332,382.34,RandomForest
162,34.2,RandomForest
139,56.48,RandomForest
220,99.13,RandomForest
2,34.81,RandomForest
27,32.93,RandomForest
838,275.42,RandomForest
6,14.42,RandomForest
759,271.02,RandomForest
478,427.33,RandomForest
98,104.79,RandomForest
372,302.69,RandomForest
210,141.7,RandomForest
32,49.68,RandomForest
354,251.23,RandomForest
23,108.42,RandomForest
94,204.34,RandomForest
38,55.8,RandomForest
193,338.15,RandomForest
486,395.96,RandomForest
93,153.17,RandomForest
28,18.71,RandomForest
287,309.3,RandomForest
74,160.47,RandomForest
7,55.91,RandomForest
56,191.82,RandomForest
21,17.78,RandomForest
18,231.28,RandomForest
161,372.35,RandomForest
832,370.42,RandomForest
153,47.61,RandomForest
140,95.99,RandomForest
138,122.96,RandomForest
473,321.32,RandomForest
151,68.52,RandomForest
547,153.63,RandomForest
2,69.17,RandomForest
138,136.48,RandomForest
115,109.62,RandomForest
282,306.58,RandomForest
750,151.12,RandomForest
173,110.39,RandomForest
15,586.83,RandomForest
69,43.28,RandomForest
224,100.5,RandomForest
82,168.74,RandomForest
71,26.24,RandomForest
133,196.67,RandomForest
603,387.16,RandomForest
498,296.72,RandomForest
611,302.58,RandomForest
54,211.68,RandomForest
27,88.32,RandomForest
165,311.31,RandomForest
10,122.58,RandomForest
35,131.07,RandomForest
483,351.58,RandomForest
175,64.74,RandomForest
57,77.78,RandomForest
418,390.14,RandomForest
272,128.15,RandomForest
153,208.42,RandomForest
178,149.5,RandomForest
21,192.69,RandomForest
171,172.12,RandomForest
7,19.0,RandomForest
44,174.13,RandomForest
872,439.71,RandomForest
263,187.54,RandomForest
261,314.46,RandomForest
308,267.58,RandomForest
550,211.28,RandomForest
215,187.54,RandomForest
124,294.82,RandomForest
4,34.5,RandomForest
168,194.12,RandomForest
42,67.59,RandomForest
89,62.18,RandomForest
505,495.42,RandomForest
8,140.17,RandomForest
4,103.34,RandomForest
265,208.7,RandomForest
196,151.76,RandomForest
10,46.48,RandomForest
154,213.54,RandomForest
494,223.34,RandomForest
155,194.01,RandomForest
5,46.25,RandomForest
35,204.01,RandomForest
153,147.09,RandomForest
572,308.66,RandomForest
138,117.24,RandomForest
294,324.05,RandomForest
482,114.14,RandomForest
103,94.64,RandomForest
171,241.34,RandomForest
7,87.74,RandomForest
11,28.09,RandomForest
93,113.07,RandomForest
89,202.08,RandomForest
286,92.46,RandomForest
428,377.37,RandomForest
231,241.41,RandomForest
679,622.32,RandomForest
465,345.34,RandomForest
1,32.0,RandomForest
346,136.36,RandomForest
323,505.54,RandomForest
28,103.34,RandomForest
6,143.4,RandomForest
160,287.95,RandomForest
2,119.34,RandomForest
326,231.64,RandomForest
438,411.69,RandomForest
69,42.22,RandomForest
3,80.68,RandomForest
120,109.23,RandomForest
185,318.26,RandomForest
204,214.87,RandomForest
122,53.34,RandomForest
456,131.36,RandomForest
440,36.87,RandomForest
23,108.29,RandomForest
126,141.92,RandomForest
83,296.11,RandomForest
118,255.2,RandomForest
486,262.66,RandomForest
50,48.0,RandomForest
436,404.7,RandomForest
72,250.12,RandomForest
465,207.63,RandomForest
53,29.25,RandomForest
264,412.61,RandomForest
5,68.77,RandomForest
351,264.32,RandomForest
138,175.66,RandomForest
128,326.88,RandomForest
186,288.65,RandomForest
490,290.41,RandomForest
84,168.16,RandomForest
258,310.52,RandomForest
31,113.04,RandomForest
93,215.66,RandomForest
220,336.96,RandomForest
180,346.51,RandomForest
525,316.25,RandomForest
22,66.46,RandomForest
95,377.5,RandomForest
169,120.49,RandomForest
152,63.38,RandomForest
2,225.89,RandomForest
98,89.08,RandomForest
152,120.46,RandomForest
96,69.54,RandomForest
64,158.2,RandomForest
378,254.07,RandomForest
97,179.42,RandomForest
80,73.3,RandomForest
276,148.96,RandomForest
13,75.5,RandomForest
123,91.44,RandomForest
576,351.08,RandomForest
493,115.95,RandomForest
224,451.78,RandomForest
165,68.4,RandomForest
13,23.17,RandomForest
11,14.42,RandomForest
125,223.8,RandomForest
64,207.84,RandomForest
142,131.82,RandomForest
389,425.89,RandomForest
598,621.54,RandomForest
46,69.52,RandomForest
225,372.31,RandomForest
234,156.13,RandomForest
201,75.13,RandomForest
77,8.04,RandomForest
155,152.9,RandomForest
140,142.48,RandomForest
174,276.08,RandomForest
173,141.86,RandomForest
88,98.48,RandomForest
49,179.12,RandomForest
539,210.4,RandomForest
30,180.16,RandomForest
137,199.44,RandomForest
222,264.95,RandomForest
18,58.4,RandomForest
122,121.22,RandomForest
617,466.84,RandomForest
9,33.23,RandomForest
108,122.03,RandomForest
4,37.27,RandomForest
152,175.22,RandomForest
10,342.93,RandomForest
9,23.19,RandomForest
77,116.7,RandomForest
36,87.95,RandomForest
10,37.64,RandomForest
719,97.05,RandomForest
360,223.32,RandomForest
248,311.83,RandomForest
419,212.68,RandomForest
90,210.4,RandomForest
5,132.43,RandomForest
28,116.18,RandomForest
69,53.48,RandomForest
32,68.46,RandomForest
402,326.1,RandomForest
8,257.68,RandomForest
367,397.59,RandomForest
191,92.6,RandomForest
155,122.1,RandomForest
246,92.46,RandomForest
56,175.72,RandomForest
11,95.1,RandomForest
23,100.02,RandomForest
12,85.26,RandomForest
241,197.93,RandomForest
208,497.56,RandomForest
206,389.6,RandomForest
453,638.84,RandomForest
473,66.27,RandomForest
121,232.76,RandomForest
57,120.72,RandomForest
503,259.85,RandomForest
92,71.18,RandomForest
172,490.07,RandomForest
276,306.99,RandomForest
266,215.64,RandomForest
730,258.47,RandomForest
428,267.87,RandomForest
268,248.01,RandomForest
526,158.54,RandomForest
51,91.62,RandomForest
116,148.86,RandomForest
6,356.75,RandomForest
182,93.35,RandomForest
417,93.53,RandomForest
23,298.88,RandomForest
270,307.65,RandomForest
366,469.86,RandomForest
98,88.97,RandomForest
25,191.98,RandomForest
175,59.24,RandomForest
4,26.51,RandomForest
268,300.82,RandomForest
338,222.56,RandomForest
195,52.61,RandomForest
395,288.2,RandomForest
34,118.96,RandomForest
2,74.33,RandomForest
295,221.88,RandomForest
540,122.39,RandomForest
305,338.67,RandomForest
394,480.38,RandomForest
202,582.74,RandomForest
133,106.73,RandomForest
612,272.8,RandomForest
3,87.04,RandomForest
250,124.12,RandomForest
242,408.25,RandomForest
338,158.96,RandomForest
110,198.92,RandomForest
190,114.54,RandomForest
294,100.41,RandomForest
948,284.94,RandomForest
6,133.47,RandomForest
495,116.0,RandomForest
5,240.81,RandomForest
124,236.97,RandomForest
4,261.89,RandomForest
58,286.61,RandomForest
178,205.34,RandomForest
5,316.38,RandomForest
11,360.76,RandomForest
3,65.01,RandomForest
202,338.64,RandomForest
143,142.92,RandomForest
180,224.66,RandomForest
38,27.78,RandomForest
116,302.07,RandomForest
2,36.82,RandomForest
280,262.04,RandomForest
148,264.59,RandomForest
6,511.76,RandomForest
30,25.0,RandomForest
76,100.56,RandomForest
88,112.86,RandomForest
6,42.53,RandomForest
399,343.54,RandomForest
308,336.6,RandomForest
26,118.6,RandomForest
152,213.34,RandomForest
3,6.54,RandomForest
161,154.34,RandomForest
3,95.28,RandomForest
5,148.42,RandomForest
6,73.42,RandomForest
138,143.85,RandomForest
20,65.79,RandomForest
267,204.76,RandomForest
35,120.46,RandomForest
9,75.1,RandomForest
5,82.99,RandomForest
7,27.76,RandomForest
86,65.76,RandomForest
31,127.9,RandomForest
14,188.05,RandomForest
113,86.19,RandomForest
7,142.57,RandomForest
154,175.3,RandomForest
125,302.72,RandomForest
730,651.82,RandomForest
148,151.98,RandomForest
4,148.02,RandomForest
252,416.57,RandomForest
631,393.79,RandomForest
343,66.99,RandomForest
317,200.84,RandomForest
4,72.5,RandomForest
16,66.3,RandomForest
60,235.88,RandomForest
100,185.06,RandomForest
254,137.35,RandomForest
173,217.04,RandomForest
419,320.23,RandomForest
24,142.5,RandomForest
163,158.98,RandomForest
298,546.11,RandomForest
413,439.04,RandomForest
32,152.92,RandomForest
91,108.79,RandomForest
211,84.69,RandomForest
552,323.32,RandomForest
22,54.56,RandomForest
467,203.02,RandomForest
101,44.32,RandomForest
443,117.5,RandomForest
201,241.02,RandomForest
47,285.05,RandomForest
20,28.01,RandomForest
1,28.66,RandomForest
200,354.87,RandomForest
62,143.75,RandomForest
37,73.26,RandomForest
191,46.28,RandomForest
170,282.12,RandomForest
260,207.91,RandomForest
120,115.6,RandomForest
10,51.95,RandomForest
24,308.53,RandomForest
38,173.21,RandomForest
331,229.27,RandomForest
296,246.04,RandomForest
106,139.5,RandomForest
129,511.72,RandomForest
645,413.76,RandomForest
114,416.62,RandomForest
11,131.76,RandomForest
332,297.49,RandomForest
121,96.79,RandomForest
365,453.9,RandomForest
313,184.9,RandomForest
158,151.28,RandomForest
400,240.34,RandomForest
400,56.38,RandomForest
102,163.74,RandomForest
36,39.04,RandomForest
51,64.9,RandomForest
441,455.8,RandomForest
180,285.12,RandomForest
257,106.9,RandomForest
11,190.42,RandomForest
49,54.56,RandomForest
202,146.24,RandomForest
93,362.81,RandomForest
576,574.06,RandomForest
22,162.72,RandomForest
1,49.1,RandomForest
35,26.11,RandomForest
55,79.48,RandomForest
114,165.06,RandomForest
25,218.58,RandomForest
268,313.94,RandomForest
153,201.82,RandomForest
47,107.3,RandomForest
144,44.36,RandomForest
197,191.89,RandomForest
75,63.43,RandomForest
36,71.95,RandomForest
52,51.52,RandomForest
292,335.26,RandomForest
123,232.35,RandomForest
269,73.3,RandomForest
109,378.45,RandomForest
75,150.37,RandomForest
469,265.3,RandomForest
121,55.02,RandomForest
206,282.66,RandomForest
272,113.57,RandomForest
12,25.01,RandomForest
312,81.08,RandomForest
171,180.14,RandomForest
13,20.64,RandomForest
3,41.46,RandomForest
232,290.4,RandomForest
62,66.19,RandomForest
210,79.36,RandomForest
223,187.67,RandomForest
3,36.62,RandomForest
153,116.26,RandomForest
159,27.51,RandomForest
673,348.94,RandomForest
21,332.69,RandomForest
310,258.69,RandomForest
256,65.31,RandomForest
323,176.41,RandomForest
10,113.19,RandomForest
59,211.08,RandomForest
33,33.51,RandomForest
69,225.56,RandomForest
137,223.5,RandomForest
70,140.01,RandomForest
782,468.36,RandomForest
45,66.19,RandomForest
391,322.06,RandomForest
5,65.93,RandomForest
286,209.85,RandomForest
217,252.0,RandomForest
359,286.68,RandomForest
8,93.78,RandomForest
268,207.92,RandomForest
193,218.44,RandomForest
186,118.7,RandomForest
249,304.53,RandomForest
65,115.53,RandomForest
237,363.1,RandomForest
296,144.0,RandomForest
164,119.54,RandomForest
129,354.87,RandomForest
386,211.06,RandomForest
480,444.33,RandomForest
342,159.53,RandomForest
6,289.12,RandomForest
10,50.98,RandomForest
153,126.51,RandomForest
203,243.88,RandomForest
61,57.99,RandomForest
26,134.57,RandomForest
197,313.14,RandomForest
1,36.72,RandomForest
75,250.71,RandomForest
3,98.47,RandomForest
226,142.66,RandomForest
463,106.55,RandomForest
260,387.04,RandomForest
274,228.53,RandomForest
156,156.58,RandomForest
353,129.88,RandomForest
108,255.02,RandomForest
492,214.94,RandomForest
48,93.54,RandomForest
441,218.58,RandomForest
121,63.2,RandomForest
177,206.28,RandomForest
678,470.22,RandomForest
112,63.34,RandomForest
492,484.68,RandomForest
145,259.11,RandomForest
3,132.71,RandomForest
240,418.01,RandomForest
737,336.37,RandomForest
744,433.64,RandomForest
171,118.18,RandomForest
30,125.42,RandomForest
196,385.8,RandomForest
251,107.16,RandomForest
177,109.17,RandomForest
27,17.75,RandomForest
522,401.86,RandomForest
121,80.13,RandomForest
37,206.92,RandomForest
224,228.92,RandomForest
226,185.05,RandomForest
372,376.46,RandomForest
269,285.36,RandomForest
17,60.5,RandomForest
229,72.7,RandomForest
31,224.58,RandomForest
6,358.76,RandomForest
160,67.48,RandomForest
313,403.71,RandomForest
177,684.88,RandomForest
271,119.06,RandomForest
11,363.11,RandomForest
21,78.8,RandomForest
84,56.56,RandomForest
10,334.34,RandomForest
150,368.58,RandomForest
240,430.9,RandomForest
3,47.86,RandomForest
209,255.87,RandomForest
55,65.42,RandomForest
85,43.36,RandomForest
106,56.74,RandomForest
562,474.72,RandomForest
13,12.55,RandomForest
276,230.06,RandomForest
16,146.24,RandomForest
3,44.89,RandomForest
84,180.07,RandomForest
228,204.85,RandomForest
116,72.57,RandomForest
109,158.77,RandomForest
416,595.72,RandomForest
263,179.54,RandomForest
463,184.34,RandomForest
566,378.82,RandomForest
267,203.39,RandomForest
55,134.44,RandomForest
54,98.06,RandomForest
5,56.14,RandomForest
87,41.21,RandomForest
52,158.54,RandomForest
5,93.01,RandomForest
96,151.53,RandomForest
286,268.51,RandomForest
371,276.32,RandomForest
356,348.91,RandomForest
75,354.72,RandomForest
257,455.78,RandomForest
66,230.48,RandomForest
5,182.05,RandomForest
244,456.54,RandomForest
456,230.36,RandomForest
114,217.22,RandomForest
315,595.72,RandomForest
216,361.18,RandomForest
385,175.46,RandomForest
212,210.82,RandomForest
47,125.42,RandomForest
196,340.37,RandomForest
204,174.66,RandomForest
443,428.42,RandomForest
20,87.04,RandomForest
241,164.9,RandomForest
297,465.64,RandomForest
123,79.9,RandomForest
141,249.12,RandomForest
350,248.84,RandomForest
220,231.62,RandomForest
72,36.0,RandomForest
523,329.1,RandomForest
394,302.56,RandomForest
153,295.58,RandomForest
271,238.01,RandomForest
382,326.22,RandomForest
4,99.61,RandomForest
174,239.24,RandomForest
27,314.51,RandomForest
150,223.5,RandomForest
109,94.87,RandomForest
503,231.28,RandomForest
26,36.37,RandomForest
218,224.18,RandomForest
44,93.75,RandomForest
117,194.7,RandomForest
7,117.76,RandomForest
6,46.21,RandomForest
229,306.01,RandomForest
424,227.49,RandomForest
856,344.87,RandomForest
146,298.87,RandomForest
18,182.66,RandomForest
223,169.78,RandomForest
275,310.18,RandomForest
172,51.91,RandomForest
6,334.55,RandomForest
41,92.3,RandomForest
521,269.59,RandomForest
500,284.42,RandomForest
3,81.49,RandomForest
113,222.21,RandomForest
53,32.0,RandomForest
324,79.7,RandomForest
28,85.98,RandomForest
57,32.49,RandomForest
40,248.17,RandomForest
76,63.3,RandomForest
211,199.98,RandomForest
95,91.83,RandomForest
385,311.98,RandomForest
4,12.16,RandomForest
147,119.94,RandomForest
114,109.23,RandomForest
306,215.71,RandomForest
258,719.03,RandomForest
480,236.31,RandomForest
267,231.35,RandomForest
59,174.29,RandomForest
126,119.32,RandomForest
126,261.37,RandomForest
26,71.5,RandomForest
205,157.93,RandomForest
353,296.56,RandomForest
9,30.04,RandomForest
86,62.77,RandomForest
852,305.52,RandomForest
182,154.34,RandomForest
262,161.8,RandomForest
5,241.48,RandomForest
43,112.83,RandomForest
364,284.42,RandomForest
509,295.46,RandomForest
81,100.08,RandomForest
251,313.02,RandomForest
4,103.02,RandomForest
103,110.89,RandomForest
328,47.33,RandomForest
199,454.27,RandomForest
195,157.81,RandomForest
28,169.38,RandomForest
209,186.58,RandomForest
6,79.81,RandomForest
64,81.9,RandomForest
128,91.93,RandomForest
24,30.22,RandomForest
33,38.66,RandomForest
161,530.19,RandomForest
46,122.14,RandomForest
333,224.24,RandomForest
111,68.72,RandomForest
274,206.43,RandomForest
74,59.42,RandomForest
681,175.78,RandomForest
226,124.9,RandomForest
579,563.63,RandomForest
78,170.74,RandomForest
182,467.75,RandomForest
229,122.77,RandomForest
73,78.22,RandomForest
632,159.53,RandomForest
21,95.1,RandomForest
164,148.84,RandomForest
58,181.35,RandomForest
14,6.8,RandomForest
492,410.35,RandomForest
590,321.15,RandomForest
15,401.31,RandomForest
167,96.03,RandomForest
184,259.37,RandomForest
361,344.46,RandomForest
239,202.6,RandomForest
28,113.1,RandomForest
162,247.71,RandomForest
5,117.22,RandomForest
541,125.31,RandomForest
129,284.45,RandomForest
93,105.5,RandomForest
20,84.8,RandomForest
205,275.24,RandomForest
191,167.58,RandomForest
155,55.64,RandomForest
137,230.55,RandomForest
414,204.61,RandomForest
235,230.6,RandomForest
198,223.02,RandomForest
176,131.56,RandomForest
314,210.36,RandomForest
113,171.54,RandomForest
38,65.82,RandomForest
153,179.19,RandomForest
17,69.43,RandomForest
74,321.77,RandomForest
178,135.5,RandomForest
209,245.35,RandomForest
88,65.79,RandomForest
317,284.43,RandomForest
650,170.06,RandomForest
16,55.58,RandomForest
130,105.5,RandomForest
5,42.12,RandomForest
383,381.86,RandomForest
371,328.36,RandomForest
27,37.72,RandomForest
106,268.9,RandomForest
180,174.92,RandomForest
126,86.24,RandomForest
12,169.3,RandomForest
3,185.05,RandomForest
243,141.11,RandomForest
149,151.23,RandomForest
215,208.09,RandomForest
116,140.51,RandomForest
222,99.3,RandomForest
14,88.06,RandomForest
180,257.22,RandomForest
54,217.32,RandomForest
77,32.02,RandomForest
107,197.86,RandomForest
9,112.65,RandomForest
232,255.8,RandomForest
877,368.12,RandomForest
9,39.0,RandomForest
23,97.78,RandomForest
40,434.06,RandomForest
26,100.92,RandomForest
312,505.7,RandomForest
5,151.14,RandomForest
56,158.61,RandomForest
452,219.06,RandomForest
428,148.68,RandomForest
166,202.5,RandomForest
178,180.16,RandomForest
285,305.62,RandomForest
341,312.3,RandomForest
295,198.12,RandomForest
365,308.32,RandomForest
219,301.8,RandomForest
4,47.02,RandomForest
119,138.96,RandomForest
267,143.99,RandomForest
202,220.08,RandomForest
215,42.54,RandomForest
555,302.04,RandomForest
293,266.45,RandomForest
207,29.23,RandomForest
298,406.76,RandomForest
124,242.22,RandomForest
525,432.54,RandomForest
185,66.3,RandomForest
105,187.4,RandomForest
2,129.42,RandomForest
406,116.79,RandomForest
421,407.68,RandomForest
550,420.07,RandomForest
146,162.8,RandomForest
245,504.4,RandomForest
280,241.48,RandomForest
219,247.24,RandomForest
187,95.5,RandomForest
143,106.32,RandomForest
22,131.65,RandomForest
165,333.02,RandomForest
472,183.56,RandomForest
121,168.0,RandomForest
187,84.41,RandomForest
323,174.58,RandomForest
74,218.97,RandomForest
607,412.38,RandomForest
87,203.02,RandomForest
427,184.34,RandomForest
92,41.06,RandomForest
147,68.29,RandomForest
17,383.24,RandomForest
11,54.56,RandomForest
33,121.56,RandomForest
358,314.28,RandomForest
362,387.59,RandomForest
187,311.38,RandomForest
248,155.81,RandomForest
16,328.27,RandomForest
8,82.1,RandomForest
146,200.54,RandomForest
119,165.6,RandomForest
127,408.63,RandomForest
414,421.74,RandomForest
31,145.54,RandomForest
16,62.16,RandomForest
252,180.64,RandomForest
741,291.57,RandomForest
52,20.57,RandomForest
54,65.81,RandomForest
112,155.64,RandomForest
181,173.92,RandomForest
76,134.01,RandomForest
308,344.56,RandomForest
30,64.05,RandomForest
2,68.11,RandomForest
11,156.52,RandomForest
66,72.0,RandomForest
95,115.07,RandomForest
678,262.54,RandomForest
27,97.1,RandomForest
5,130.12,RandomForest
78,51.91,RandomForest
662,65.97,RandomForest
107,220.58,RandomForest
230,559.7,RandomForest
76,236.59,RandomForest
72,53.79,RandomForest
253,154.86,RandomForest
354,54.06,RandomForest
7,102.9,RandomForest
3,61.24,RandomForest
22,112.63,RandomForest
360,272.96,RandomForest
18,3.46,RandomForest
13,236.11,RandomForest
224,124.44,RandomForest
70,123.66,RandomForest
165,157.36,RandomForest
134,159.52,RandomForest
25,264.83,RandomForest
59,51.74,RandomForest
3,24.14,RandomForest
6,40.2,RandomForest
12,78.24,RandomForest
157,110.28,RandomForest
59,105.6,RandomForest
203,136.15,RandomForest
42,85.36,RandomForest
120,204.78,RandomForest
261,138.28,RandomForest
19,39.66,RandomForest
201,282.84,RandomForest
201,339.58,RandomForest
77,401.23,RandomForest
222,293.93,RandomForest
67,209.95,RandomForest
1,53.44,RandomForest
1,13.72,RandomForest
268,272.99,RandomForest
4,146.76,RandomForest
188,185.94,RandomForest
15,103.2,RandomForest
14,95.98,RandomForest
215,233.33,RandomForest
320,346.66,RandomForest
8,189.99,RandomForest
281,199.22,RandomForest
192,516.06,RandomForest
404,321.08,RandomForest
94,47.64,RandomForest
541,332.38,RandomForest
11,46.67,RandomForest
493,245.55,RandomForest
757,441.52,RandomForest
108,202.66,RandomForest
222,212.57,RandomForest
293,260.65,RandomForest
43,32.8,RandomForest
94,342.37,RandomForest
4,296.75,RandomForest
17,326.58,RandomForest
224,284.87,RandomForest
95,100.41,RandomForest
6,66.27,RandomForest
412,231.1,RandomForest
253,146.12,RandomForest
324,402.04,RandomForest
331,264.43,RandomForest
267,9.22,RandomForest
390,514.07,RandomForest
684,149.38,RandomForest
9,225.73,RandomForest
29,197.63,RandomForest
16,40.18,RandomForest
400,263.84,RandomForest
278,295.74,RandomForest
925,382.04,RandomForest
41,16.07,RandomForest
352,108.8,RandomForest
246,443.92,RandomForest
214,330.99,RandomForest
382,407.68,RandomForest
60,207.89,RandomForest
6,41.16,RandomForest
15,27.99,RandomForest
172,125.92,RandomForest
92,125.04,RandomForest
170,108.59,RandomForest
162,98.06,RandomForest
1,62.8,RandomForest
9,23.92,RandomForest
123,53.26,RandomForest
452,279.9,RandomForest
181,300.4,RandomForest
211,324.53,RandomForest
418,442.78,RandomForest
69,249.84,RandomForest
330,161.6,RandomForest
258,334.82,RandomForest
47,48.93,RandomForest
48,70.3,RandomForest
678,281.5,RandomForest
6,374.17,RandomForest
29,144.44,RandomForest
177,99.3,RandomForest
335,186.8,RandomForest
196,225.38,RandomForest
110,82.98,RandomForest
250,290.87,RandomForest
68,126.18,RandomForest
136,159.68,RandomForest
121,78.11,RandomForest
113,314.52,RandomForest
68,182.61,RandomForest
306,314.8,RandomForest
295,106.9,RandomForest
43,48.82,RandomForest
70,37.84,RandomForest
330,167.1,RandomForest
11,28.37,RandomForest
62,176.0,RandomForest
4,40.2,RandomForest
382,308.61,RandomForest
23,23.47,RandomForest
497,545.66,RandomForest
112,316.38,RandomForest
74,107.74,RandomForest
39,21.77,RandomForest
227,327.62,RandomForest
5,76.88,RandomForest
225,296.03,RandomForest
246,117.36,RandomForest
244,333.74,RandomForest
10,161.01,RandomForest
115,53.48,RandomForest
109,97.02,RandomForest
743,110.56,RandomForest
4,36.06,RandomForest
1,82.17,RandomForest
23,237.02,RandomForest
5,67.8,RandomForest
26,228.76,RandomForest
237,282.56,RandomForest
208,194.8,RandomForest
430,370.58,RandomForest
10,84.87,RandomForest
32,80.76,RandomForest
282,32.59,RandomForest
209,222.32,RandomForest
241,271.45,RandomForest
43,56.71,RandomForest
24,50.88,RandomForest
251,225.28,RandomForest
72,108.7,RandomForest
654,599.29,RandomForest
582,260.19,RandomForest
509,321.78,RandomForest
39,97.99,RandomForest
250,345.62,RandomForest
78,136.11,RandomForest
230,406.24,RandomForest
228,345.39,RandomForest
1,12.01,RandomForest
578,429.82,RandomForest
213,262.87,RandomForest
267,372.35,RandomForest
387,131.88,RandomForest
117,324.18,RandomForest
58,69.01,RandomForest
63,7.26,RandomForest
2,33.93,RandomForest
134,386.06,RandomForest
181,90.7,RandomForest
252,169.72,RandomForest
158,133.29,RandomForest
10,28.01,RandomForest
44,24.62,RandomForest
1,27.41,RandomForest
275,279.22,RandomForest
33,277.58,RandomForest
108,119.05,RandomForest
7,52.26,RandomForest
3,108.62,RandomForest
244,220.05,RandomForest
729,432.52,RandomForest
150,91.8,RandomForest
5,101.32,RandomForest
351,304.5,RandomForest
36,192.3,RandomForest
106,84.81,RandomForest
88,224.31,RandomForest
7,59.77,RandomForest
331,330.26,RandomForest
303,119.55,RandomForest
419,134.59,RandomForest
32,86.04,RandomForest
454,176.9,RandomForest
402,470.94,RandomForest
115,216.67,RandomForest
488,66.27,RandomForest
83,56.56,RandomForest
166,276.97,RandomForest
5,205.08,RandomForest
103,28.38,RandomForest
126,256.05,RandomForest
147,155.52,RandomForest
24,31.23,RandomForest
3,131.76,RandomForest
28,123.58,RandomForest
467,280.08,RandomForest
2,89.83,RandomForest
240,146.91,RandomForest
24,125.32,RandomForest
166,174.58,RandomForest
977,260.87,RandomForest
3,84.38,RandomForest
245,190.6,RandomForest
124,115.04,RandomForest
233,237.08,RandomForest
328,244.87,RandomForest
219,115.23,RandomForest
452,262.54,RandomForest
144,94.96,RandomForest
69,242.33,RandomForest
122,175.71,RandomForest
139,49.29,RandomForest
1,21.59,RandomForest
16,11.45,RandomForest
201,447.6,RandomForest
114,148.88,RandomForest
10,128.91,RandomForest
211,311.32,RandomForest
44,133.99,RandomForest
122,138.99,RandomForest
71,86.29,RandomForest
144,16.07,RandomForest
196,28.89,RandomForest
176,119.83,RandomForest
28,42.44,RandomForest
88,175.84,RandomForest
374,469.75,RandomForest
153,210.4,RandomForest
284,405.26,RandomForest
512,352.71,RandomForest
4,52.53,RandomForest
179,302.84,RandomForest
585,380.39,RandomForest
171,136.8,RandomForest
6,78.62,RandomForest
6,46.12,RandomForest
248,79.97,RandomForest
417,134.24,RandomForest
10,199.8,RandomForest
118,203.92,RandomForest
276,208.92,RandomForest
22,33.02,RandomForest
532,253.15,RandomForest
189,373.52,RandomForest
48,60.19,RandomForest
280,276.2,RandomForest
207,184.09,RandomForest
355,317.49,RandomForest
78,38.12,RandomForest
558,352.93,RandomForest
8,60.7,RandomForest
8,138.23,RandomForest
39,356.75,RandomForest
63,135.56,RandomForest
180,225.39,RandomForest
309,319.55,RandomForest
21,85.31,RandomForest
218,179.0,RandomForest
22,107.05,RandomForest
75,153.59,RandomForest
340,285.28,RandomForest
78,103.61,RandomForest
1,50.71,RandomForest
449,378.56,RandomForest
671,253.98,RandomForest
363,338.18,RandomForest
62,100.46,RandomForest
302,300.51,RandomForest
2,29.26,RandomForest
175,132.86,RandomForest
124,57.08,RandomForest
361,266.62,RandomForest
7,188.63,RandomForest
404,389.86,RandomForest
1,13.18,RandomForest
139,178.64,RandomForest
177,206.84,RandomForest
47,30.04,RandomForest
208,82.9,RandomForest
9,186.71,RandomForest
8,45.31,RandomForest
86,186.83,RandomForest
321,156.65,RandomForest
184,182.66,RandomForest
105,395.82,RandomForest
281,438.63,RandomForest
307,49.41,RandomForest
101,167.24,RandomForest
99,191.02,RandomForest
152,32.5,RandomForest
414,427.64,RandomForest
425,232.03,RandomForest
322,182.06,RandomForest
127,111.31,RandomForest
299,65.45,RandomForest
489,376.56,RandomForest
2,69.4,RandomForest
103,67.48,RandomForest
110,74.77,RandomForest
165,222.93,RandomForest
52,73.9,RandomForest
308,365.72,RandomForest
5,47.42,RandomForest
26,53.08,RandomForest
421,329.52,RandomForest
4,53.99,RandomForest
152,345.34,RandomForest
188,29.03,RandomForest
563,373.59,RandomForest
20,71.64,RandomForest
14,229.31,RandomForest
190,139.54,RandomForest
677,166.43,RandomForest
55,20.91,RandomForest
435,359.89,RandomForest
223,240.72,RandomForest
19,115.49,RandomForest
388,499.22,RandomForest
544,244.9,RandomForest
12,110.33,RandomForest
318,372.78,RandomForest
20,247.48,RandomForest
18,65.01,RandomForest
316,286.16,RandomForest
90,106.73,RandomForest
3,34.2,RandomForest
48,217.89,RandomForest
1,10.72,RandomForest
33,125.44,RandomForest
499,238.82,RandomForest
257,321.16,RandomForest
7,54.46,RandomForest
333,193.66,RandomForest
396,233.07,RandomForest
128,294.39,RandomForest
108,266.58,RandomForest
158,237.26,RandomForest
408,123.44,RandomForest
95,111.32,RandomForest
174,179.0,RandomForest
341,513.3,RandomForest
248,123.19,RandomForest
238,270.89,RandomForest
2,25.06,RandomForest
29,15.52,RandomForest
5,177.22,RandomForest
16,153.02,RandomForest
9,54.94,RandomForest
464,82.96,RandomForest
299,104.81,RandomForest
248,181.26,RandomForest
84,228.39,RandomForest
669,512.03,RandomForest
36,59.36,RandomForest
593,202.61,RandomForest
248,137.92,RandomForest
102,200.68,RandomForest
271,488.74,RandomForest
155,627.82,RandomForest
3,44.96,RandomForest
2,81.11,RandomForest
278,196.79,RandomForest
507,125.31,RandomForest
476,252.25,RandomForest
7,198.18,RandomForest
11,198.18,RandomForest
435,413.92,RandomForest
94,111.8,RandomForest
102,152.34,RandomForest
6,19.84,RandomForest
221,293.56,RandomForest
177,316.64,RandomForest
578,373.51,RandomForest
183,253.43,RandomForest
316,108.81,RandomForest
96,65.79,RandomForest
282,98.47,RandomForest
185,95.68,RandomForest
9,91.61,RandomForest
14,41.76,RandomForest
13,116.81,RandomForest
43,66.31,RandomForest
16,18.83,RandomForest
6,119.83,RandomForest
63,55.71,RandomForest
75,128.22,RandomForest
20,36.85,RandomForest
20,244.52,RandomForest
176,221.48,RandomForest
8,16.55,RandomForest
5,58.17,RandomForest
37,32.16,RandomForest
173,218.94,RandomForest
20,206.68,RandomForest
455,133.38,RandomForest
461,323.73,RandomForest
747,446.0,RandomForest
230,258.83,RandomForest
82,67.39,RandomForest
116,179.54,RandomForest
124,177.34,RandomForest
12,240.63,RandomForest
590,282.63,RandomForest
95,173.5,RandomForest
345,368.97,RandomForest
345,386.58,RandomForest
327,228.43,RandomForest
27,8.15,RandomForest
323,308.38,RandomForest
317,349.06,RandomForest
20,46.64,RandomForest
6,85.3,RandomForest
7,94.57,RandomForest
290,510.72,RandomForest
222,64.05,RandomForest
172,295.77,RandomForest
131,168.22,RandomForest
382,275.65,RandomForest
390,418.57,RandomForest
141,97.94,RandomForest
109,62.81,RandomForest
705,266.31,RandomForest
182,147.88,RandomForest
66,158.61,RandomForest
41,65.42,RandomForest
16,140.52,RandomForest
70,203.35,RandomForest
233,194.87,RandomForest
32,79.28,RandomForest
272,165.57,RandomForest
288,354.7,RandomForest
8,12.55,RandomForest
63,114.38,RandomForest
37,88.8,RandomForest
522,594.1,RandomForest
278,346.56,RandomForest
370,266.0,RandomForest
95,184.96,RandomForest
387,247.12,RandomForest
276,441.74,RandomForest
155,68.06,RandomForest
24,419.24,RandomForest
291,408.89,RandomForest
65,59.03,RandomForest
152,28.27,RandomForest
382,224.04,RandomForest
1,93.47,RandomForest
71,81.54,RandomForest
518,409.63,RandomForest
293,174.63,RandomForest
65,169.73,RandomForest
460,449.9,RandomForest
38,258.98,RandomForest
70,121.8,RandomForest
93,297.74,RandomForest
61,237.66,RandomForest
105,69.47,RandomForest
4,96.85,RandomForest
34,151.1,RandomForest
303,210.29,RandomForest
178,383.69,RandomForest
142,221.66,RandomForest
23,111.57,RandomForest
280,265.14,RandomForest
623,467.72,RandomForest
282,245.72,RandomForest
102,131.54,RandomForest
235,219.06,RandomForest
145,160.62,RandomForest
200,282.52,RandomForest
492,466.42,RandomForest
144,239.1,RandomForest
63,47.64,RandomForest
214,143.2,RandomForest
8,121.66,RandomForest
59,114.45,RandomForest
145,152.6,RandomForest
113,286.14,RandomForest
456,490.94,RandomForest
3,63.1,RandomForest
570,489.99,RandomForest
56,80.05,RandomForest
142,91.18,RandomForest
142,261.11,RandomForest
686,341.3,RandomForest
386,325.68,RandomForest
34,14.29,RandomForest
328,122.53,RandomForest
437,215.49,RandomForest
516,376.71,RandomForest
97,160.45,RandomForest
207,335.86,RandomForest
125,296.83,RandomForest
257,165.16,RandomForest
308,201.98,RandomForest
157,139.64,RandomForest
30,139.55,RandomForest
399,392.68,RandomForest
24,335.3,RandomForest
568,137.56,RandomForest
329,224.94,RandomForest
9,240.76,RandomForest
553,306.36,RandomForest
8,112.98,RandomForest
12,198.38,RandomForest
55,98.84,RandomForest
237,348.37,RandomForest
226,106.93,RandomForest
23,136.48,RandomForest
95,105.92,RandomForest
23,125.79,RandomForest
2,48.71,RandomForest
428,196.12,RandomForest
8,102.35,RandomForest
13,25.63,RandomForest
1,9.78,RandomForest
79,76.74,RandomForest
238,457.26,RandomForest
92,131.06,RandomForest
25,247.27,RandomForest
37,336.89,RandomForest
91,64.24,RandomForest
39,20.59,RandomForest
131,251.91,RandomForest
168,88.15,RandomForest
133,189.97,RandomForest
393,341.85,RandomForest
62,92.46,RandomForest
2,181.93,RandomForest
474,180.09,RandomForest
9,171.02,RandomForest
356,381.03,RandomForest
610,547.8,RandomForest
3,45.15,RandomForest
363,255.99,RandomForest
282,219.56,RandomForest
141,198.76,RandomForest
62,176.64,RandomForest
10,101.95,RandomForest
82,21.77,RandomForest
207,205.19,RandomForest
7,27.72,RandomForest
5,29.25,RandomForest
184,289.59,RandomForest
484,40.14,RandomForest
82,148.44,RandomForest
10,25.06,RandomForest
32,39.15,RandomForest
139,200.66,RandomForest
15,74.33,RandomForest
682,204.64,RandomForest
23,36.97,RandomForest
112,137.12,RandomForest
494,139.24,RandomForest
209,282.39,RandomForest
18,298.14,RandomForest
7,15.54,RandomForest
7,13.72,RandomForest
4,32.93,RandomForest
12,153.02,RandomForest
179,60.58,RandomForest
6,60.31,RandomForest
234,280.33,RandomForest
312,16.09,RandomForest
100,64.28,RandomForest
107,136.2,RandomForest
179,352.1,RandomForest
214,303.06,RandomForest
343,162.04,RandomForest
117,143.86,RandomForest
121,459.79,RandomForest
103,173.08,RandomForest
54,50.4,RandomForest
6,23.63,RandomForest
111,63.5,RandomForest
268,221.79,RandomForest
101,92.84,RandomForest
103,152.99,RandomForest
6,21.26,RandomForest
514,175.92,RandomForest
20,35.79,RandomForest
8,116.76,RandomForest
141,132.55,RandomForest
83,72.66,RandomForest
99,228.68,RandomForest
176,126.64,RandomForest
16,137.21,RandomForest
287,406.23,RandomForest
97,249.98,RandomForest
136,80.75,RandomForest
54,40.81,RandomForest
218,221.75,RandomForest
16,75.16,RandomForest
291,206.86,RandomForest
205,184.34,RandomForest
167,41.07,RandomForest
5,374.17,RandomForest
198,116.93,RandomForest
337,161.71,RandomForest
215,204.14,RandomForest
205,278.37,RandomForest
119,50.5,RandomForest
46,117.48,RandomForest
121,72.7,RandomForest
25,26.9,RandomForest
333,212.33,RandomForest
329,215.56,RandomForest
280,111.87,RandomForest
527,390.26,RandomForest
191,125.01,RandomForest
101,52.96,RandomForest
37,49.37,RandomForest
118,302.11,RandomForest
194,182.84,RandomForest
24,77.18,RandomForest
94,140.94,RandomForest
14,74.33,RandomForest
132,108.74,RandomForest
234,99.08,RandomForest
396,175.8,RandomForest
62,122.69,RandomForest
148,198.18,RandomForest
20,197.59,RandomForest
283,220.59,RandomForest
47,39.21,RandomForest
268,130.32,RandomForest
538,270.12,RandomForest
333,220.5,RandomForest
9,102.78,RandomForest
27,143.77,RandomForest
515,113.19,RandomForest
568,319.36,RandomForest
405,222.78,RandomForest
285,203.46,RandomForest
328,325.81,RandomForest
217,337.72,RandomForest
1,198.38,RandomForest
86,271.99,RandomForest
143,245.15,RandomForest
126,223.3,RandomForest
761,571.94,RandomForest
83,65.06,RandomForest
197,62.81,RandomForest
830,273.4,RandomForest
3,39.52,RandomForest
528,182.25,RandomForest
615,475.36,RandomForest
256,147.93,RandomForest
112,271.81,RandomForest
182,220.52,RandomForest
227,195.62,RandomForest
30,225.73,RandomForest
264,246.72,RandomForest
162,268.79,RandomForest
167,322.03,RandomForest
213,418.01,RandomForest
133,74.66,RandomForest
4,43.66,RandomForest
77,94.22,RandomForest
55,103.6,RandomForest
36,148.44,RandomForest
272,181.09,RandomForest
297,135.82,RandomForest
47,53.85,RandomForest
297,326.18,RandomForest
267,185.2,RandomForest
308,293.01,RandomForest
4,40.66,RandomForest
564,152.34,RandomForest
367,307.4,RandomForest
183,80.84,RandomForest
84,23.53,RandomForest
12,126.57,RandomForest
413,374.47,RandomForest
43,217.32,RandomForest
181,167.16,RandomForest
305,131.27,RandomForest
158,302.07,RandomForest
100,62.77,RandomForest
20,96.0,RandomForest
128,208.71,RandomForest
15,27.84,RandomForest
88,44.78,RandomForest
90,251.52,RandomForest
74,233.68,RandomForest
135,365.94,RandomForest
2,65.06,RandomForest
618,459.36,RandomForest
108,29.02,RandomForest
103,287.19,RandomForest
332,147.1,RandomForest
6,176.38,RandomForest
7,96.97,RandomForest
157,219.19,RandomForest
358,234.82,RandomForest
3,110.56,RandomForest
160,228.86,RandomForest
272,200.78,RandomForest
26,89.89,RandomForest
552,300.15,RandomForest
21,47.37,RandomForest
146,103.6,RandomForest
3,74.33,RandomForest
296,266.34,RandomForest
163,139.99,RandomForest
8,29.41,RandomForest
48,57.82,RandomForest
16,23.2,RandomForest
26,132.7,RandomForest
14,47.33,RandomForest
237,255.65,RandomForest
23,25.83,RandomForest
161,152.67,RandomForest
54,277.08,RandomForest
267,251.68,RandomForest
282,321.36,RandomForest
755,412.12,RandomForest
600,319.26,RandomForest
331,371.54,RandomForest
343,298.78,RandomForest
69,149.1,RandomForest
446,299.69,RandomForest
125,145.04,RandomForest
124,53.66,RandomForest
286,469.04,RandomForest
4,21.1,RandomForest
93,37.56,RandomForest
112,103.94,RandomForest
118,206.83,RandomForest
153,247.87,RandomForest
99,97.27,RandomForest
224,312.25,RandomForest
218,271.12,RandomForest
463,499.96,RandomForest
51,150.78,RandomForest
106,164.51,RandomForest
40,82.24,RandomForest
49,26.24,RandomForest
34,250.22,RandomForest
110,265.2,RandomForest
168,312.18,RandomForest
69,92.84,RandomForest
244,295.03,RandomForest
29,44.18,RandomForest
34,59.21,RandomForest
251,89.21,RandomForest
15,156.08,RandomForest
596,563.27,RandomForest
133,107.95,RandomForest
41,104.52,RandomForest
67,141.26,RandomForest
110,64.19,RandomForest
15,265.95,RandomForest
412,285.16,RandomForest
17,53.76,RandomForest
634,251.4,RandomForest
13,307.04,RandomForest
4,68.39,RandomForest
140,60.13,RandomForest
15,85.96,RandomForest
888,348.79,RandomForest
86,63.42,RandomForest
75,72.64,RandomForest
6,44.12,RandomForest
25,52.86,RandomForest
163,119.65,RandomForest
90,128.78,RandomForest
292,194.61,RandomForest
39,145.22,RandomForest
46,122.69,RandomForest
16,162.06,RandomForest
13,57.11,RandomForest
26,120.17,RandomForest
168,305.37,RandomForest
134,86.79,RandomForest
186,242.27,RandomForest
355,372.42,RandomForest
569,263.62,RandomForest
215,127.81,RandomForest
533,443.01,RandomForest
406,197.27,RandomForest
58,46.28,RandomForest
444,407.42,RandomForest
443,269.59,RandomForest
46,93.49,RandomForest
8,43.28,RandomForest
129,199.84,RandomForest
50,55.81,RandomForest
4,134.5,RandomForest
28,240.69,RandomForest
79,99.04,RandomForest
224,59.42,RandomForest
174,105.86,RandomForest
266,120.82,RandomForest
299,176.3,RandomForest
124,238.95,RandomForest
203,373.14,RandomForest
5,302.3,RandomForest
277,109.76,RandomForest
374,509.27,RandomForest
288,300.57,RandomForest
39,404.21,RandomForest
128,202.27,RandomForest
43,159.5,RandomForest
487,179.83,RandomForest
4,133.56,RandomForest
10,142.5,RandomForest
24,92.09,RandomForest
151,164.68,RandomForest
129,57.63,RandomForest
43,83.28,RandomForest
286,345.36,RandomForest
371,292.5,RandomForest
11,116.3,RandomForest
39,89.66,RandomForest
189,369.39,RandomForest
325,488.67,RandomForest
185,483.8,RandomForest
44,95.51,RandomForest
654,660.6,RandomForest
211,156.43,RandomForest
356,370.8,RandomForest
474,216.66,RandomForest
165,167.63,RandomForest
839,534.21,RandomForest
116,333.4,RandomForest
21,49.26,RandomForest
183,66.6,RandomForest
20,44.12,RandomForest
28,149.62,RandomForest
559,386.49,RandomForest
107,143.99,RandomForest
391,233.31,RandomForest
82,30.12,RandomForest
47,72.57,RandomForest
200,82.1,RandomForest
298,293.88,RandomForest
513,538.42,RandomForest
363,182.25,RandomForest
106,135.5,RandomForest
30,167.63,RandomForest
9,73.28,RandomForest
18,15.6,RandomForest
185,309.55,RandomForest
26,271.88,RandomForest
63,202.94,RandomForest
152,94.28,RandomForest
499,252.76,RandomForest
189,146.29,RandomForest
130,90.56,RandomForest
271,153.85,RandomForest
366,502.5,RandomForest
30,166.42,RandomForest
423,442.42,RandomForest
245,169.95,RandomForest
379,194.54,RandomForest
86,194.09,RandomForest
75,162.96,RandomForest
525,180.92,RandomForest
221,212.26,RandomForest
483,256.64,RandomForest
34,74.28,RandomForest
95,299.31,RandomForest
199,217.04,RandomForest
232,61.35,RandomForest
264,388.58,RandomForest
564,236.97,RandomForest
84,208.57,RandomForest
5,20.08,RandomForest
536,473.07,RandomForest
203,175.1,RandomForest
8,92.09,RandomForest
212,144.25,RandomForest
5,23.92,RandomForest
144,122.97,RandomForest
162,96.17,RandomForest
172,467.47,RandomForest
28,178.78,RandomForest
137,47.47,RandomForest
244,298.41,RandomForest
4,67.74,RandomForest
290,280.61,RandomForest
133,35.6,RandomForest
303,237.54,RandomForest
223,108.03,RandomForest
299,279.13,RandomForest
13,31.5,RandomForest
265,272.18,RandomForest
170,123.71,RandomForest
11,25.09,RandomForest
115,35.21,RandomForest
170,44.05,RandomForest
2,65.42,RandomForest
49,153.1,RandomForest
1,308.53,RandomForest
75,59.07,RandomForest
241,147.21,RandomForest
461,224.36,RandomForest
120,159.86,RandomForest
265,59.9,RandomForest
396,382.06,RandomForest
59,83.9,RandomForest
123,361.02,RandomForest
20,25.0,RandomForest
175,320.81,RandomForest
102,55.69,RandomForest
2,12.34,RandomForest
54,148.11,RandomForest
206,137.06,RandomForest
8,52.61,RandomForest
43,233.07,RandomForest
142,196.41,RandomForest
341,252.52,RandomForest
91,275.12,RandomForest
272,93.12,RandomForest
118,281.6,RandomForest
219,256.73,RandomForest
584,351.27,RandomForest
234,92.21,RandomForest
206,26.69,RandomForest
3,13.6,RandomForest
98,168.25,RandomForest
15,271.38,RandomForest
322,384.58,RandomForest
544,425.82,RandomForest
231,103.98,RandomForest
465,398.2,RandomForest
58,114.02,RandomForest
151,203.08,RandomForest
349,321.88,RandomForest
654,317.13,RandomForest
101,176.39,RandomForest
622,123.91,RandomForest
619,289.81,RandomForest
96,62.24,RandomForest
222,376.95,RandomForest
268,347.86,RandomForest
173,217.0,RandomForest
38,175.4,RandomForest
86,130.52,RandomForest
710,308.21,RandomForest
11,128.92,RandomForest
224,285.32,RandomForest
454,274.49,RandomForest
19,122.38,RandomForest
69,293.23,RandomForest
571,208.57,RandomForest
884,137.4,RandomForest
647,663.33,RandomForest
132,51.31,RandomForest
195,67.56,RandomForest
28,30.51,RandomForest
102,324.48,RandomForest
304,157.32,RandomForest
68,100.48,RandomForest
46,32.3,RandomForest
60,73.36,RandomForest
270,423.13,RandomForest
430,473.94,RandomForest
55,127.3,RandomForest
105,39.61,RandomForest
6,89.3,RandomForest
407,517.72,RandomForest
350,202.42,RandomForest
310,217.5,RandomForest
505,327.8,RandomForest
109,179.77,RandomForest
12,131.09,RandomForest
202,370.08,RandomForest
239,141.48,RandomForest
124,376.95,RandomForest
8,41.32,RandomForest
39,39.22,RandomForest
301,120.91,RandomForest
285,240.94,RandomForest
75,30.94,RandomForest
39,282.26,RandomForest
11,161.07,RandomForest
890,368.74,RandomForest
16,276.82,RandomForest
170,77.41,RandomForest
563,343.04,RandomForest
558,353.62,RandomForest
157,45.99,RandomForest
230,180.68,RandomForest
29,55.8,RandomForest
32,66.77,RandomForest
220,213.0,RandomForest
123,306.62,RandomForest
18,98.07,RandomForest
270,226.11,RandomForest
242,283.6,RandomForest
254,363.5,RandomForest
562,314.35,RandomForest
159,195.8,RandomForest
156,69.48,RandomForest
439,353.18,RandomForest
3,95.02,RandomForest
48,245.84,RandomForest
98,205.19,RandomForest
615,578.71,RandomForest
135,152.27,RandomForest
148,263.16,RandomForest
441,298.18,RandomForest
276,66.5,RandomForest
70,82.6,RandomForest
299,235.26,RandomForest
222,296.11,RandomForest
559,538.46,RandomForest
318,158.49,RandomForest
486,236.77,RandomForest
86,122.49,RandomForest
245,216.67,RandomForest
642,361.0,RandomForest
436,222.81,RandomForest
10,96.83,RandomForest
135,41.49,RandomForest
172,167.78,RandomForest
567,502.77,RandomForest
4,151.24,RandomForest
158,178.73,RandomForest
175,66.6,RandomForest
144,108.92,RandomForest
124,203.19,RandomForest
7,114.99,RandomForest
21,35.22,RandomForest
486,21.19,RandomForest
11,51.6,RandomForest
271,411.38,RandomForest
8,27.82,RandomForest
94,92.75,RandomForest
166,416.62,RandomForest
633,539.07,RandomForest
2,82.16,RandomForest
12,87.16,RandomForest
580,360.94,RandomForest
224,257.2,RandomForest
280,351.34,RandomForest
227,267.49,RandomForest
304,498.48,RandomForest
196,245.2,RandomForest
147,108.92,RandomForest
565,394.96,RandomForest
23,105.42,RandomForest
279,282.31,RandomForest
177,102.29,RandomForest
49,165.28,RandomForest
361,235.24,RandomForest
9,75.65,RandomForest
190,517.04,RandomForest
173,28.67,RandomForest
308,295.02,RandomForest
304,369.54,RandomForest
156,100.15,RandomForest
304,179.51,RandomForest
102,99.74,RandomForest
311,316.8,RandomForest
80,46.42,RandomForest
44,80.64,RandomForest
216,605.36,RandomForest
12,29.54,RandomForest
375,573.14,RandomForest
396,233.68,RandomForest
167,119.87,RandomForest
358,264.19,RandomForest
437,255.36,RandomForest
2,137.32,RandomForest
520,252.06,RandomForest
118,126.63,RandomForest
20,21.94,RandomForest
148,154.39,RandomForest
113,143.01,RandomForest
38,97.52,RandomForest
3,52.42,RandomForest
260,258.37,RandomForest
513,215.17,RandomForest
379,419.56,RandomForest
10,69.7,RandomForest
61,193.67,RandomForest
59,206.66,RandomForest
196,354.22,RandomForest
170,236.4,RandomForest
40,92.88,RandomForest
201,243.08,RandomForest
198,190.51,RandomForest
831,296.37,RandomForest
466,587.22,RandomForest
136,62.7,RandomForest
274,314.8,RandomForest
15,182.07,RandomForest
492,339.04,RandomForest
295,236.34,RandomForest
1,49.61,RandomForest
44,60.9,RandomForest
77,115.38,RandomForest
17,71.42,RandomForest
133,475.56,RandomForest
397,205.81,RandomForest
174,200.02,RandomForest
420,292.6,RandomForest
35,100.98,RandomForest
57,73.02,RandomForest
79,43.32,RandomForest
253,255.04,RandomForest
380,172.21,RandomForest
176,101.58,RandomForest
229,180.54,RandomForest
137,299.28,RandomForest
51,94.96,RandomForest
340,366.62,RandomForest
118,347.38,RandomForest
147,153.96,RandomForest
136,147.6,RandomForest
214,133.59,RandomForest
40,76.0,RandomForest
254,264.19,RandomForest
43,183.32,RandomForest
23,60.9,RandomForest
49,111.54,RandomForest
321,107.34,RandomForest
165,143.59,RandomForest
134,209.72,RandomForest
76,132.5,RandomForest
400,269.09,RandomForest
71,122.89,RandomForest
61,274.44,RandomForest
90,298.82,RandomForest
186,214.88,RandomForest
256,231.91,RandomForest
76,121.61,RandomForest
23,41.57,RandomForest
3,41.92,RandomForest
3,13.72,RandomForest
224,175.03,RandomForest
685,576.22,RandomForest
261,147.69,RandomForest
79,60.88,RandomForest
354,12.83,RandomForest
183,202.74,RandomForest
483,420.9,RandomForest
363,457.28,RandomForest
213,179.0,RandomForest
281,215.13,RandomForest
162,184.7,RandomForest
610,219.86,RandomForest
4,30.41,RandomForest
506,164.07,RandomForest
2,149.39,RandomForest
354,361.17,RandomForest
57,43.36,RandomForest
9,106.21,RandomForest
406,99.2,RandomForest
149,214.7,RandomForest
80,40.2,RandomForest
337,309.6,RandomForest
145,140.51,RandomForest
536,471.32,RandomForest
635,199.17,RandomForest
3,93.47,RandomForest
202,178.72,RandomForest
10,173.47,RandomForest
155,93.9,RandomForest
92,89.21,RandomForest
197,293.96,RandomForest
148,66.19,RandomForest
136,134.11,RandomForest
182,217.87,RandomForest
24,71.88,RandomForest
41,84.88,RandomForest
104,76.66,RandomForest
1,20.51,RandomForest
4,45.13,RandomForest
150,311.07,RandomForest
82,154.08,RandomForest
68,114.41,RandomForest
64,97.4,RandomForest
812,469.38,RandomForest
5,40.2,RandomForest
99,228.44,RandomForest
75,114.35,RandomForest
232,14.24,RandomForest
161,268.51,RandomForest
7,61.19,RandomForest
180,217.37,RandomForest
2,26.11,RandomForest
220,28.67,RandomForest
318,256.41,RandomForest
117,484.64,RandomForest
686,656.82,RandomForest
46,342.67,RandomForest
25,54.45,RandomForest
107,113.84,RandomForest
210,149.49,RandomForest
21,45.92,RandomForest
285,485.44,RandomForest
426,249.3,RandomForest
13,31.97,RandomForest
141,97.05,RandomForest
481,493.11,RandomForest
103,112.58,RandomForest
195,377.73,RandomForest
230,250.81,RandomForest
282,317.92,RandomForest
4,44.14,RandomForest
170,228.92,RandomForest
4,37.16,RandomForest
137,151.47,RandomForest
128,268.98,RandomForest
365,244.92,RandomForest
171,165.68,RandomForest
201,88.31,RandomForest
230,180.15,RandomForest
120,94.48,RandomForest
129,215.1,RandomForest
45,63.12,RandomForest
834,318.83,RandomForest
8,121.56,RandomForest
503,61.35,RandomForest
10,42.18,RandomForest
318,121.01,RandomForest
37,232.88,RandomForest
131,222.4,RandomForest
255,330.0,RandomForest
305,204.96,RandomForest
6,22.22,RandomForest
288,264.24,RandomForest
362,16.1,RandomForest
25,139.83,RandomForest
421,184.89,RandomForest
90,356.55,RandomForest
168,369.45,RandomForest
10,64.12,RandomForest
226,123.67,RandomForest
52,58.98,RandomForest
216,258.08,RandomForest
60,138.25,RandomForest
110,249.17,RandomForest
361,308.64,RandomForest
281,207.64,RandomForest
237,277.17,RandomForest
15,67.81,RandomForest
462,472.02,RandomForest
154,194.96,RandomForest
6,35.67,RandomForest
36,133.99,RandomForest
116,99.66,RandomForest
79,206.36,RandomForest
232,110.17,RandomForest
487,381.13,RandomForest
713,186.12,RandomForest
435,222.36,RandomForest
98,144.22,RandomForest
191,246.46,RandomForest
142,52.46,RandomForest
280,205.3,RandomForest
122,199.16,RandomForest
13,289.12,RandomForest
299,51.74,RandomForest
502,461.74,RandomForest
272,222.2,RandomForest
13,76.86,RandomForest
16,157.38,RandomForest
156,84.86,RandomForest
27,81.9,RandomForest
262,68.52,RandomForest
8,81.46,RandomForest
120,83.38,RandomForest
623,82.68,RandomForest
502,110.21,RandomForest
51,61.1,RandomForest
36,216.44,RandomForest
281,224.73,RandomForest
46,171.76,RandomForest
305,289.92,RandomForest
109,127.76,RandomForest
397,412.72,RandomForest
60,46.73,RandomForest
90,93.04,RandomForest
430,420.27,RandomForest
351,266.61,RandomForest
2,71.28,RandomForest
509,273.21,RandomForest
5,91.29,RandomForest
239,260.8,RandomForest
